{"initial_reset_timestamp": 1653953813.0382192, "timestamps": [1653953815.5550923, 1653953818.139575, 1653953818.2392929, 1653953818.2749968, 1653953818.3062856, 1653953818.3413832, 1653953818.376134, 1653953818.411249, 1653953820.9870617, 1653953821.0803597, 1653953821.115108, 1653953821.151681, 1653953821.1948571, 1653953821.2293458, 1653953821.260916, 1653953821.2953, 1653953821.327326, 1653953821.361785, 1653953821.3967326, 1653953821.4257338, 1653953821.4629958, 1653953821.4980075, 1653953821.533173, 1653953821.5690382, 1653953821.6052535, 1653953821.6403284, 1653953821.6760733, 1653953825.040909, 1653953825.1349754, 1653953825.171264, 1653953825.2084088, 1653953825.23289, 1653953825.263088, 1653953825.2997487, 1653953825.3358018, 1653953825.3724515, 1653953825.4085996, 1653953825.444032, 1653953825.482161, 1653953825.5170052, 1653953825.5525224, 1653953825.5881813, 1653953825.624487, 1653953825.6610866, 1653953825.6986601, 1653953825.7369888, 1653953825.7746391, 1653953825.8113103, 1653953825.8470602, 1653953825.8828573, 1653953825.910664, 1653953825.9470744, 1653953825.9837866, 1653953826.0205486, 1653953826.0573754, 1653953826.0938745, 1653953826.123889, 1653953826.1613278, 1653953826.1858804, 1653953826.2271245, 1653953826.2617033, 1653953826.2967303, 1653953826.3326595, 1653953826.3599112, 1653953829.7056777, 1653953829.7924762, 1653953829.828561, 1653953829.862539, 1653953829.8951683, 1653953829.932093, 1653953829.9665482, 1653953830.0026867, 1653953830.0353467, 1653953830.067823, 1653953830.101038, 1653953830.129625, 1653953830.162931, 1653953830.19561, 1653953830.222195, 1653953830.2576907, 1653953830.2922935, 1653953830.3247085, 1653953830.3589582, 1653953830.3887496, 1653953830.4086711, 1653953830.430139, 1653953830.464725, 1653953830.4992306, 1653953830.521253, 1653953830.5505614, 1653953830.5848813, 1653953830.6201098, 1653953830.6550822, 1653953830.690325, 1653953830.719795, 1653953830.7550952, 1653953830.7840896, 1653953830.8137238, 1653953830.849246, 1653953830.8839247], "episode_lengths": [145, 150, 200, 200, 174, 192, 200, 200, 153, 200, 200, 200, 200, 165, 182, 200, 185, 200, 200, 163, 200, 200, 200, 200, 200, 200, 200, 200, 200, 200, 200, 137, 166, 200, 200, 200, 200, 200, 200, 200, 200, 200, 200, 200, 200, 200, 200, 200, 200, 200, 150, 200, 200, 200, 200, 200, 168, 200, 136, 200, 200, 200, 200, 152, 200, 200, 200, 200, 200, 200, 200, 200, 200, 200, 200, 176, 200, 200, 151, 200, 200, 200, 200, 174, 115, 126, 200, 200, 119, 170, 200, 200, 200, 200, 167, 200, 164, 165, 200, 200], "episode_rewards": [145.0, 150.0, 200.0, 200.0, 174.0, 192.0, 200.0, 200.0, 153.0, 200.0, 200.0, 200.0, 200.0, 165.0, 182.0, 200.0, 185.0, 200.0, 200.0, 163.0, 200.0, 200.0, 200.0, 200.0, 200.0, 200.0, 200.0, 200.0, 200.0, 200.0, 200.0, 137.0, 166.0, 200.0, 200.0, 200.0, 200.0, 200.0, 200.0, 200.0, 200.0, 200.0, 200.0, 200.0, 200.0, 200.0, 200.0, 200.0, 200.0, 200.0, 150.0, 200.0, 200.0, 200.0, 200.0, 200.0, 168.0, 200.0, 136.0, 200.0, 200.0, 200.0, 200.0, 152.0, 200.0, 200.0, 200.0, 200.0, 200.0, 200.0, 200.0, 200.0, 200.0, 200.0, 200.0, 176.0, 200.0, 200.0, 151.0, 200.0, 200.0, 200.0, 200.0, 174.0, 115.0, 126.0, 200.0, 200.0, 119.0, 170.0, 200.0, 200.0, 200.0, 200.0, 167.0, 200.0, 164.0, 165.0, 200.0, 200.0], "episode_types": ["t", "t", "t", "t", "t", "t", "t", "t", "t", "t", "t", "t", "t", "t", "t", "t", "t", "t", "t", "t", "t", "t", "t", "t", "t", "t", "t", "t", "t", "t", "t", "t", "t", "t", "t", "t", "t", "t", "t", "t", "t", "t", "t", "t", "t", "t", "t", "t", "t", "t", "t", "t", "t", "t", "t", "t", "t", "t", "t", "t", "t", "t", "t", "t", "t", "t", "t", "t", "t", "t", "t", "t", "t", "t", "t", "t", "t", "t", "t", "t", "t", "t", "t", "t", "t", "t", "t", "t", "t", "t", "t", "t", "t", "t", "t", "t", "t", "t", "t", "t"]}