{"initial_reset_timestamp": 1653968291.9671323, "timestamps": [1653968294.2190878, 1653968299.3850894, 1653968303.3182492, 1653968306.700587, 1653968310.3650901, 1653968314.2985919, 1653968318.1579447, 1653968320.6829689, 1653968325.850139, 1653968329.298192, 1653968332.9613051, 1653968336.7061205, 1653968340.3605354, 1653968342.5851536, 1653968346.7815032, 1653968351.0171313, 1653968353.8145208, 1653968357.333314, 1653968361.2157235, 1653968366.009032], "episode_lengths": [1040, 2531, 2372, 1992, 2156, 2280, 2176, 1610, 2414, 2006, 2156, 2334, 2250, 1363, 2500, 2570, 1586, 2076, 2257, 3026], "episode_rewards": [2100.0, 9200.0, 8600.0, 6200.0, 5700.0, 7800.0, 6600.0, 4200.0, 5800.0, 5600.0, 6200.0, 5900.0, 8100.0, 4500.0, 7500.0, 6300.0, 3700.0, 6100.0, 7200.0, 9000.0], "episode_types": ["t", "t", "t", "t", "t", "t", "t", "t", "t", "t", "t", "t", "t", "t", "t", "t", "t", "t", "t", "t"]}