{"initial_reset_timestamp": 1652202773.4115765, "timestamps": [1652202776.36182, 1652202779.096722, 1652202779.1773393, 1652202779.2081976, 1652202779.2389345, 1652202779.269471, 1652202779.3000689, 1652202779.330824, 1652202782.0188382, 1652202782.0961857, 1652202782.1273608, 1652202782.1589193, 1652202782.194121, 1652202782.227259, 1652202782.2604647, 1652202782.293707, 1652202782.3269973, 1652202782.3603277, 1652202782.3936992, 1652202782.427154, 1652202782.4605913, 1652202782.4940622, 1652202782.527485, 1652202782.5612476, 1652202782.5947819, 1652202782.6283386, 1652202782.661881, 1652202785.3655193, 1652202785.451709, 1652202785.484188, 1652202785.5173402, 1652202785.548512, 1652202785.5807455, 1652202785.6140087, 1652202785.647146, 1652202785.6800172, 1652202785.712971, 1652202785.748214, 1652202785.783391, 1652202785.816916, 1652202785.8505323, 1652202785.8849974, 1652202785.9201329, 1652202785.953392, 1652202785.9864562, 1652202786.0197499, 1652202786.0539956, 1652202786.0882945, 1652202786.1217628, 1652202786.1547256, 1652202786.1873703, 1652202786.2198412, 1652202786.25242, 1652202786.2851894, 1652202786.3179, 1652202786.35034, 1652202786.3828044, 1652202786.4153779, 1652202786.4572377, 1652202786.4926653, 1652202786.5236151, 1652202786.5567658, 1652202786.590842, 1652202786.6239636, 1652202789.313667, 1652202789.3937614, 1652202789.426336, 1652202789.4592648, 1652202789.4922864, 1652202789.525182, 1652202789.5578134, 1652202789.5904698, 1652202789.623129, 1652202789.6559253, 1652202789.6886485, 1652202789.7212925, 1652202789.754056, 1652202789.786804, 1652202789.819571, 1652202789.8524837, 1652202789.885279, 1652202789.9180882, 1652202789.951145, 1652202789.9842885, 1652202790.0173326, 1652202790.0501776, 1652202790.082988, 1652202790.1157343, 1652202790.1484041, 1652202790.1812668, 1652202790.214194, 1652202790.247141, 1652202790.280144, 1652202790.3129575, 1652202790.345535, 1652202790.378168, 1652202790.4110143, 1652202790.443618, 1652202790.4762821, 1652202790.5089178], "episode_lengths": [200, 200, 200, 200, 200, 200, 200, 200, 200, 200, 200, 200, 200, 200, 200, 200, 200, 200, 200, 200, 200, 200, 200, 200, 200, 200, 200, 200, 200, 200, 200, 200, 200, 200, 200, 200, 200, 200, 200, 200, 200, 200, 200, 200, 200, 200, 200, 200, 200, 200, 200, 200, 200, 200, 200, 200, 200, 200, 200, 200, 200, 200, 200, 200, 200, 200, 200, 200, 200, 200, 200, 200, 200, 200, 200, 200, 200, 200, 200, 200, 200, 200, 200, 200, 200, 200, 200, 200, 200, 200, 200, 200, 200, 200, 200, 200, 200, 200, 200, 200], "episode_rewards": [200.0, 200.0, 200.0, 200.0, 200.0, 200.0, 200.0, 200.0, 200.0, 200.0, 200.0, 200.0, 200.0, 200.0, 200.0, 200.0, 200.0, 200.0, 200.0, 200.0, 200.0, 200.0, 200.0, 200.0, 200.0, 200.0, 200.0, 200.0, 200.0, 200.0, 200.0, 200.0, 200.0, 200.0, 200.0, 200.0, 200.0, 200.0, 200.0, 200.0, 200.0, 200.0, 200.0, 200.0, 200.0, 200.0, 200.0, 200.0, 200.0, 200.0, 200.0, 200.0, 200.0, 200.0, 200.0, 200.0, 200.0, 200.0, 200.0, 200.0, 200.0, 200.0, 200.0, 200.0, 200.0, 200.0, 200.0, 200.0, 200.0, 200.0, 200.0, 200.0, 200.0, 200.0, 200.0, 200.0, 200.0, 200.0, 200.0, 200.0, 200.0, 200.0, 200.0, 200.0, 200.0, 200.0, 200.0, 200.0, 200.0, 200.0, 200.0, 200.0, 200.0, 200.0, 200.0, 200.0, 200.0, 200.0, 200.0, 200.0], "episode_types": ["t", "t", "t", "t", "t", "t", "t", "t", "t", "t", "t", "t", "t", "t", "t", "t", "t", "t", "t", "t", "t", "t", "t", "t", "t", "t", "t", "t", "t", "t", "t", "t", "t", "t", "t", "t", "t", "t", "t", "t", "t", "t", "t", "t", "t", "t", "t", "t", "t", "t", "t", "t", "t", "t", "t", "t", "t", "t", "t", "t", "t", "t", "t", "t", "t", "t", "t", "t", "t", "t", "t", "t", "t", "t", "t", "t", "t", "t", "t", "t", "t", "t", "t", "t", "t", "t", "t", "t", "t", "t", "t", "t", "t", "t", "t", "t", "t", "t", "t", "t"]}